id,name,mobileNo,email,password,role,createdAt,updatedAt
1,Test,,test@gmail.com,$2a$08$BcK6qf2ns7NXGMPgiUsk9eJcTIcy8JnXWJYPoOarGQ2KGhQjTw3/O,admin,2021-09-23 14:18:46,2021-09-23 14:18:46
2,Rahul,,rs181915@gmail.com,$2a$08$irz/Iv8x/WZBq23nVyCy2OD28Bt8ExzCbGp4vH8HcJwPNcNPv8ede,admin,2021-09-23 14:18:46,2021-09-23 14:18:46
3,Test 1,,test1@gmail.com,$2a$08$PhcCt3H7djQWo7cBM0PPqeYzUsWjc9JJEG6G7PPOgYZiZ7HeaJ1I.,admin,2021-09-23 14:18:46,2021-09-23 14:18:46
4,Test 2,,test2@gmail.com,$2a$08$sR0skp4fk4ZPomZNHKyK8u2PmAXcz.dPiH4lTGixLwabKW55vRsSC,admin,2021-09-23 14:18:47,2021-09-23 14:18:47
5,Test 4,,test4@gmail.com,$2a$08$KahYVl65oTCVn2gHgT0pG.Vy6ig8tS5CRbYz/SKiRO6Z3lFTk/arG,admin,2021-09-23 14:18:47,2021-09-23 14:18:47
6,Test 5,,test5@gmail.com,$2a$08$xrucocFIR0kaNTkUCkPWH.qqg7/XyP967ii7cMxnhMpbICfB1rZX.,admin,2021-09-23 14:18:47,2021-09-23 14:18:47
7,Miss Shaun Wisozk,,dora53@yahoo.com,$2a$08$cpev/jkAKI9ANqK8eX3HyepJ39BAkTtM/.DDoooAh5WdoGiU8XCnS,user,2021-09-23 14:18:47,2021-09-23 14:18:47
8,Johnathan Nikolaus,,lizzie_roberts@hotmail.com,$2a$08$SoN6xe4pVrRFNOJM/4850u5Q/pIhRSNS1TNmSUA78OEo9IZRT/9rW,user,2021-09-23 14:18:47,2021-09-23 14:18:47
9,Test 3,,test3@gmail.com,$2a$08$WmPgXG7CUsuQ8Quph/YKb.ejzgsXQfxbIsTsTDaq33LHTJLbXPLR.,admin,2021-09-23 14:18:47,2021-09-23 14:18:47
10,Erica Kerluke,,carmen_wintheiser58@gmail.com,$2a$08$DWp1QUtYsfYskXvHMqxKEOk9QPwgN6IHVztxnrLyrh6JqVfJW1Y4a,user,2021-09-23 14:18:47,2021-09-23 14:18:47
11,Joan Torp,,halie.hoeger@yahoo.com,$2a$08$5CXGKyYFii9i09aEp0W/Memy/4veMOGv8x2d5m2jChEnrS6gc68pK,user,2021-09-23 14:18:47,2021-09-23 14:18:47
12,Emma Rau,,bret_larson21@gmail.com,$2a$08$JZa4HucT4vq7cXwtgEngk.DNOmzeJbssx4XiAauFBuo1H7l21Cgve,user,2021-09-23 14:18:47,2021-09-23 14:18:47
13,Lee Hartmann,,hilbert.cummings62@gmail.com,$2a$08$kKhFvJBlGYzTv2X.hKx/l.cSIBJop8eYFtTIr97Naq7NqAI5Q00v6,user,2021-09-23 14:18:47,2021-09-23 14:18:47
14,Rhonda Treutel,,victor7@hotmail.com,$2a$08$eSYm8D3vstmRP3SeLgzM6OcauMJzcixHz/n3L5NSHpzUHk9NGoLca,user,2021-09-23 14:18:47,2021-09-23 14:18:47
15,Mr. Bernice Kunze,,anya87@yahoo.com,$2a$08$OD0dskDY0EhuOKo7RFNgnu/Qp00o9KRRhqKV1DEuFMDdRkOabWXG.,user,2021-09-23 14:18:47,2021-09-23 14:18:47
16,Bill Altenwerth,,pasquale.sanford22@hotmail.com,$2a$08$bLnj.5KvFonF/xtB8u/qHeLJTaf7Y6I2qi8azyf.Ik0NxBehrwNqe,user,2021-09-23 14:18:47,2021-09-23 14:18:47
17,Dr. Alexis Hodkiewicz,,timmy_sporer@gmail.com,$2a$08$.y81DSV4p4ADZnNfwdyTMuSNhDJ4ytlTw4lvsVUK0tr6GT0u0SknG,user,2021-09-23 14:18:47,2021-09-23 14:18:47
18,Vera Fay,,vernice.schamberger@gmail.com,$2a$08$xeu/afPYO09Ljj5iEsldzu9Vz2OWaY8mwgNykjBI4D5b9W7HTrChC,user,2021-09-23 14:18:47,2021-09-23 14:18:47
19,Paulette Kub,,cyrus7@hotmail.com,$2a$08$TqhArI8ysWQcma..CyUf3.b270NC3aYTgpO4XfWqlTsKvMFkEJ/Vi,user,2021-09-23 14:18:47,2021-09-23 14:18:47
20,Alfred Stark,,maggie.schoen87@yahoo.com,$2a$08$5N.g5jjqM6Gm.TDQ1YC/PeWlPBkCNMDpEdK0U9BNrFGOHruTydGiO,user,2021-09-23 14:18:47,2021-09-23 14:18:47
21,Ebony Bosco,,shaniya72@hotmail.com,$2a$08$y3IO3P95Vc/1yZAx0WFYTOe/HtMqmaEQWd/q5IAysp7G4TywwEdX6,user,2021-09-23 14:18:47,2021-09-23 14:18:47
22,Yvette Schroeder,,xzavier63@yahoo.com,$2a$08$qdSAIYfzm0WhIk1w4DQ0keKYLFosOSoLnlNGUdHLsFUGfIUjP0AxK,user,2021-09-23 14:18:47,2021-09-23 14:18:47
23,Josh Rempel DDS,,brian.brakus@gmail.com,$2a$08$/XoPL/44sJneDmsDynNmvODoZtkeOmETMPVTmYeVuTJ1fQ1Pn2Nie,user,2021-09-23 14:18:47,2021-09-23 14:18:47
24,Anita Witting,,alvera.steuber@hotmail.com,$2a$08$Q8QeyCu2y5H8CirByKa12u8ESaJFI49a.Ldj19v8c0Z80lvgF.nO2,user,2021-09-23 14:18:47,2021-09-23 14:18:47
25,Jody Hamill,,danyka16@hotmail.com,$2a$08$9LVYmFqdoYy2QlkDUabiVO7aFqPiI16aeXzDT/0oWCD2ZF9.Mldhe,user,2021-09-23 14:18:47,2021-09-23 14:18:47
26,Anthony,,anthony4@bini.store,$2a$08$whsDox7oKgXxjE.xFluI4ejT0vc4NMEnTFLCDkfV.B5D2meFUc0Aq,admin,2021-09-23 14:18:47,2021-09-23 14:18:47
27,Miss Carol Schaefer,,sallie60@hotmail.com,password1,user,2021-09-23 14:19:05,2021-09-23 14:19:05
28,Mr. Guillermo Koepp,,marvin.rutherford@yahoo.com,$2a$08$pxKtPjb2aECiL5Da8oSmkerY9IN5WGhjR1QyxIFDuTrAtFo/2194K,user,2021-09-23 14:19:14,2021-09-23 14:19:14
29,Mario,,mario@bini.store,$2a$08$MuaRDI1jpCjhwdJFQ9ofMu3q4p/m19DspWGaKmNIBvCSJyOtxAuce,admin,2021-09-23 15:20:54,2021-09-23 15:20:54
30,Mr. Julian Crist,,aisha97@gmail.com,$2a$08$ljTvzwwdyl3zRPybIIXUiemh9fSbpehcHrPtXnIlw.4qyAESMOBRG,user,2021-09-24 15:20:38,2021-09-24 15:20:38
31,Denise Bogan,,geraldine21@yahoo.com,$2a$08$XRiVtT6/M1qkNlKcceeELeERCTHyvQ9u8w2GnB7Ix.5mZmfc2ec7W,user,2021-09-24 15:20:46,2021-09-24 15:20:46
32,Kelley DuBuque,,maud_stanton@gmail.com,$2a$08$JowFgAr9NcawKoDcHCNN8OBrlPfMH5F5kF47AlN4Dbd7Vdi/WV1mu,user,2021-09-24 15:22:49,2021-09-24 15:22:49
33,Samuel Schumm,,beulah_littel@gmail.com,$2a$08$JSHUaYGHzdtvXeFm3eI0YupFJ7k70rYOAdTGajLwEFCvOmx6TmUbe,user,2021-09-24 15:23:57,2021-09-24 15:23:57
34,"Garry D'Amore",,alejandra.auer15@gmail.com,$2a$08$Hlbswb9H.hFhBeIWxEGbFeN5QzPTHs4.6f694YsYBZZaYz2WrmGg.,user,2021-09-24 15:26:00,2021-09-24 15:26:00
35,Tim Kulas,,ethan.boyle88@gmail.com,$2a$08$jcsQbnF5bIDi8CSOpeY.bOhjUzGPQTSw/.ejHVk7gv.zkKdSXXBWW,user,2021-09-24 15:27:15,2021-09-24 15:27:15
36,Miss Alfonso Walter,,ike_olson60@hotmail.com,$2a$08$gIME6kp8bjNshrR2HncBOODFEehw4JDCrumTpLRIdemQF.9eBmP/2,user,2021-09-24 15:27:31,2021-09-24 15:27:31
37,Verna Morissette,,lemuel.hoppe@yahoo.com,$2a$08$1ttJ2viUSscYpzxYWoADoevzSAa3WiPMI3WJLFF9Dhc6K8Vcw7fpi,user,2021-09-24 15:28:02,2021-09-24 15:28:02
38,Mr. Karla Witting,,jonathan.ledner32@hotmail.com,$2a$08$bv16QdMhTf1yOu1MJut5RepRx99OHTAEkYxkKp4AiwBhVhVaIhd5a,user,2021-09-24 15:28:11,2021-09-24 15:28:11
39,Nathan Mraz,,mathew_hilpert@hotmail.com,$2a$08$wJkXw8Ci7t4pXDge//OyWeB/87iwwwstpCkdboQu2CzeXughhn.li,user,2021-09-24 15:28:28,2021-09-24 15:28:28
40,Rosalie Schmitt,,jefferey_deckow67@hotmail.com,$2a$08$pdkjr5hptloACLjW7U2YUOizls3xkfvUgNQq8GvAS5vS9.vHir2gu,user,2021-09-24 15:28:58,2021-09-24 15:28:58
41,Barbara Russel,,fabian.funk@gmail.com,$2a$08$fUZMUgY.TMAxBxvDsskIkueVn8P0rwonLeBGKj2bau893sCGj5EK2,user,2021-09-24 16:01:20,2021-09-24 16:01:20
42,Cora Purdy V,,elwyn.schamberger@gmail.com,$2a$08$rS71VK6gRNFCgqMJXxK7dePZ2eNx0BPGquzvo6F3KihXZigrCGq1G,user,2021-09-24 16:01:27,2021-09-24 16:01:27
43,Fannie Hodkiewicz,,jewel.keeling@gmail.com,$2a$08$aMpvn1FlrBTtMqDZLSI57OIdj.Fdtw8RjnTkC3tnvj7hthpWrJPb6,user,2021-09-24 16:01:37,2021-09-24 16:01:37
44,Martin Gislason,,ruben_okon@hotmail.com,$2a$08$fz09hTTslmiABCCq5U5gM.QATBBgSki9KHHzYDKsDKquOmKyrreUG,user,2021-09-24 16:01:50,2021-09-24 16:01:50
45,Percy Simonis,,imogene.turner58@hotmail.com,$2a$08$OnVZBTLYztUF3kgOgFk/3.OANbVcvtnNrR41qUsSNpGwCBHugteSK,user,2021-09-24 16:02:04,2021-09-24 16:02:04
46,Lewis Koepp,,hal_okuneva76@yahoo.com,$2a$08$yuLzXpoAlyHv6mo4nYbfmeRRC9scX72eYehfLjdsD/Nj88FMzMysG,user,2021-09-24 16:02:16,2021-09-24 16:02:16
47,Miss Miriam Ortiz,,betty10@hotmail.com,$2a$08$nk0gMqxjTxLl3VeEniN6Hu6p.rKrrLYdtU31jdpnyO72.UD4xYZia,user,2021-09-24 16:02:26,2021-09-24 16:02:26
48,Ada Hackett,,mac.macejkovic95@gmail.com,$2a$08$CnRu.aXkFZhXEKvwwHupeeoW4H8rb7Ck91wE0vu3qBK51wdnBuv6e,user,2021-09-24 16:02:33,2021-09-24 16:02:33
49,Emilio Rosenbaum,,martin_leuschke70@yahoo.com,$2a$08$RsfmBGigaNdpXD21wDN44ON6rZ0GbEcEAyy63Pp6BzP46Mbjs57ie,user,2021-09-24 16:02:55,2021-09-24 16:02:55
50,Cecelia Smitham,,laura.mraz47@yahoo.com,$2a$08$xYAn74XysMRvqGumTXcVNu.w6niGt7KAlNELhmJxMgB.WCde0HfP.,user,2021-09-24 16:03:05,2021-09-24 16:03:05
51,Loretta Kunde,,delphine95@hotmail.com,$2a$08$EuLqHKIluWhXWPO1V8vPd.xE6rpcAIu7xJ7JgL6qiSm1fEl1XzNP.,user,2021-09-24 16:03:25,2021-09-24 16:03:25
52,Ms. June Kuphal,,skylar65@hotmail.com,$2a$08$NtPxfn6Ehv58ODdFlJM3.OWcDQw8moXd7esg30Oaq0gWGJHeQjF5a,user,2021-09-24 16:09:36,2021-09-24 16:09:36
53,Josh Thompson,,kacie59@yahoo.com,$2a$08$bMc9UXc31LCSuHnKxlLHq.YCC/dUxYrdT.I1o3LFL70kTZSwvYvaW,user,2021-09-24 16:09:47,2021-09-24 16:09:47
54,Allan Rogahn,,turner.koss69@yahoo.com,$2a$08$zK8QEfbph3mxGq0bw9enT.dtBnzGiAmIAtKp6xS7FCp.GSqavTcVa,user,2021-09-24 16:10:35,2021-09-24 16:10:35
55,Stanley Lueilwitz,,reyes80@gmail.com,$2a$08$sCXz1Ok1pzZLVZcMOrzzBu62vSmbIaj6KXBKZ8UNKOsLp9VQSyVLq,user,2021-09-24 16:10:47,2021-09-24 16:10:47
56,Kristen Carter,,tre.cruickshank@hotmail.com,$2a$08$cIK3FY1EfXY2b4FrovF41e3grw2FLKh1d4xQbyFTbBVMIzDs.oF7G,user,2021-09-24 16:10:57,2021-09-24 16:10:57
57,Ebony Mraz,,gideon.mayer88@yahoo.com,$2a$08$xWe3phQ9KCjEGoT4IXLBweXrOYxjTClSG4cfJwPGOvFBJSRfoNJVW,user,2021-09-24 16:11:10,2021-09-24 16:11:10
58,"Elijah O'Kon",,lon.jones@hotmail.com,$2a$08$XZf7wH6kWmIlGANniNXQyOUWXdrSnkzhp5YeU8cb3MLIQoHh5na7u,user,2021-09-24 16:11:23,2021-09-24 16:11:23
59,Jeanette Moen,,birdie56@yahoo.com,$2a$08$6tb6das5lWBpKwO21KQKz.4cAPS3HmIAjC4Pce4PdglJRvIUI3pNq,user,2021-09-24 16:11:41,2021-09-24 16:11:41
60,Mr. Jan Rohan,,chadrick.oconnell64@hotmail.com,$2a$08$s6VhKWSQC70xokWBOc98n..yNVGEaB6Sd8EiIS3HAOy/5u2fnaEBG,user,2021-09-24 16:11:58,2021-09-24 16:11:58
61,Roderick Towne Jr.,,lisandro_padberg69@gmail.com,$2a$08$LafuDIWtIYZhEi.D3jrP2.aI3XqTHJHEv7i3WCk3dBMndg4L91Xyy,user,2021-09-24 16:12:17,2021-09-24 16:12:17
62,Helen Halvorson,,federico_jenkins@gmail.com,$2a$08$uVHxvWs/kCkY..e/eSbJxOv5FacKa4Yij86JVQXv/HWJrkoACHjtW,user,2021-09-24 16:12:27,2021-09-24 16:12:27
63,Molly Cartwright,,adan.labadie60@gmail.com,$2a$08$lWil5IwyjPfteC83GtbBsO0a7a8WrhhBIzWzCa6Lfri0MnWcdsAaO,user,2021-09-24 16:13:06,2021-09-24 16:13:06
64,Mrs. Gustavo Watsica,,adrienne.terry@yahoo.com,$2a$08$gH2fJzEfAlYiNgyzTX46sutuIlWkblxtdO7gTeV0LbsqZZNBrLtXK,user,2021-09-24 16:13:26,2021-09-24 16:13:26
65,Dan Shields,,gilda0@gmail.com,$2a$08$IWi4G93D.sngjvW9u5B5JelsSuEvfTCphjqSpjqJtmgt4rTVncn9y,user,2021-09-24 16:14:07,2021-09-24 16:14:07
66,Frank Weber,,melisa.herzog@gmail.com,$2a$08$upb4HN69M5rMEkFNT/CgIuxL66e/XM3SmjC2pgJAl.aVhJXm8luUO,user,2021-09-24 16:14:35,2021-09-24 16:14:35
67,Raymond Miller,,susan_hagenes53@yahoo.com,$2a$08$euwK3KNMfR66DNKxoVzsx.tp63lkiEp/JAc1CSfGtK4vaXwaZx0km,user,2021-09-24 16:15:11,2021-09-24 16:15:11
68,Cedric Larson,,kaylee.parisian32@hotmail.com,$2a$08$ixJEgpz5BgI4Em1lFIWnteu5ti56oJ6yyFLzo8QTGwgF7cG92AXMW,user,2021-09-24 16:15:18,2021-09-24 16:15:18
69,Claudia McCullough,,guido.prosacco@hotmail.com,$2a$08$o3WhXrSQyB4mYh/dF7JNmOtivtXG4BrvC/zO24lbBgPIRQK/fssYC,user,2021-09-24 16:15:36,2021-09-24 16:15:36
70,Lance Upton,,ayden.williamson26@hotmail.com,$2a$08$nylzKiUA2eVqq0nuYQR6EuYecZ6ren2DS9XNXMbKSVPqbfesH2X2a,user,2021-09-24 16:15:45,2021-09-24 16:15:45
71,Nathaniel Stroman V,,buddy.walker29@hotmail.com,$2a$08$ONicL6v64aiVqJwPuJRaOOuJkqKKAMkc6p518OjyYqvE1dEjtyiHi,user,2021-09-24 16:16:11,2021-09-24 16:16:11
72,Dominic Fritsch V,,jett29@gmail.com,$2a$08$kNxM9S0N.0OdxJj3ZfTpgOj2k0hV37M950N074vVwC15ym7X.Cw/.,user,2021-09-24 16:16:23,2021-09-24 16:16:23
73,Elsa Fadel,,jeromy1@gmail.com,$2a$08$dBW06Wz1oHjka7pO4aJr8eYfxzZHfCEIlnKfmwN/.dNuU5sAnNndC,user,2021-09-24 16:16:32,2021-09-24 16:16:32
74,Willard Daugherty DVM,,miguel.corwin@gmail.com,$2a$08$GbyypLtaXVZLyUhj37SqeuRVEmxahJXZhfkXh4VcZb98zNKv3ejo6,user,2021-09-24 16:16:43,2021-09-24 16:16:43
75,Matthew Lakin IV,,josue_little40@yahoo.com,$2a$08$S0ULd3u5tbVnShw1qAho7uP5iX3FL1AoJvUIUWRE9ZtoXCaG6Yaxm,user,2021-09-24 16:16:50,2021-09-24 16:16:50
76,Doyle Aufderhar,,gay34@yahoo.com,$2a$08$5Nizv8rwJGm0hpY9fuZK8uHyu/rvUY4.Gq1DjCEUR.K1dDYs4fN8C,user,2021-09-24 16:16:58,2021-09-24 16:16:58
77,Jane Carroll,,finn.russel37@hotmail.com,$2a$08$ZnELCP.otq5BG28AXtoDUO.bDlBw2IKafePgyybEyPx/NrW5zkngy,user,2021-09-24 16:17:15,2021-09-24 16:17:15
78,Carlton Fritsch,,neha_roberts@hotmail.com,$2a$08$oEAxDbWcRmdokcOP6fdQo.hmbRLKganD9t4db0N/f0X3h0gC.VGPm,user,2021-09-24 16:17:35,2021-09-24 16:17:35
79,Claude Fahey IV,,frieda.muller32@hotmail.com,$2a$08$6EwR7LLoFGeoBYZH.wjeq.ZtOFgCvMlxhUhbNwUYZ06pMzHroiNZi,user,2021-09-24 16:17:48,2021-09-24 16:17:48
80,Dustin Daniel,,gavin_veum@yahoo.com,$2a$08$wtpyIiUwHzYtwOiR7pKlNOAX3xQhsGJ3VPJ.CQ8L2Wri/xLymPKT6,user,2021-09-24 16:18:08,2021-09-24 16:18:08
81,Gordon Kunde,,rosalind_dickens46@gmail.com,$2a$08$1GdCphkyLWphGsm9RKsmrODScKYCEu3aIfWhFzvFobzr2K4aA4z5C,user,2021-09-24 16:18:17,2021-09-24 16:18:17
82,Stella Veum,,idell61@gmail.com,$2a$08$Qq7J5vedPLaT3X0zGif4Au6bbp7SBydeqhSTZGlBTS2cIO2/R4OPe,user,2021-09-24 16:18:32,2021-09-24 16:18:32
83,Dr. Cedric Kub,,elliott.bode16@gmail.com,$2a$08$0pZQd3X7XYBX78lk5fol1.aB3tQPHDBIHBuATvYAExOmg1iI/Xche,user,2021-09-24 16:18:41,2021-09-24 16:18:41
84,Frances Roberts IV,,nickolas.blanda20@yahoo.com,$2a$08$oW5IGRWAEZ.TZRYXh/aqe.5ATrFPFHCsdI4ENSv2UpwMp3XeMrNL6,user,2021-09-24 16:18:48,2021-09-24 16:18:48
85,Melvin Blanda,,freda24@yahoo.com,$2a$08$hTFWoiPVTPYsFTRpryqpz./hDFozpfniN86mf2cOxM3HEm/rH66yW,user,2021-09-24 16:19:00,2021-09-24 16:19:00
86,Kyle Torphy,,quentin_beier26@gmail.com,$2a$08$Bt8o3bH627qHZB6y5JOpXeGReeUJ/Zq3TmfIZXrzJwxb7qgnC6Ire,user,2021-09-24 16:19:15,2021-09-24 16:19:15
87,Inez Roob,,diego.ebert22@gmail.com,$2a$08$uWLmaUIYyPRkmuyr46WeY.P/kGMBNB2NYGUCZxNpI87iKDnRHAhJa,user,2021-09-24 16:19:28,2021-09-24 16:19:28
88,Nora Dare,,terrill_mcclure75@yahoo.com,$2a$08$54NIXkxSgRS1C6CmdH2pn.CovdQpOXMr.5mKXDreeF17KuX7.JdxC,user,2021-09-24 16:19:55,2021-09-24 16:19:55
89,Keith Shields,,larry83@gmail.com,$2a$08$eaTR.ZXthbwurv/dxPVM..xSlvxsBBvMuT9N/48tB7nVs0gNpcSLu,user,2021-09-24 16:20:20,2021-09-24 16:20:20
90,Horace Walter,,estrella2@yahoo.com,$2a$08$mYCIRJfQTizB59mt.Q0EZeCAoZwKBiZ76ntesGOmd0iPIqHSIpC/e,user,2021-09-24 16:20:37,2021-09-24 16:20:37
91,Nora Leffler,,art_west@hotmail.com,$2a$08$XnZappglpPu02dipDL0xkOYRm9wBVnI.WJCJlgoxb2OflNRdR7SI2,user,2021-09-24 16:21:14,2021-09-24 16:21:14
92,Kendra Hickle,,wilhelmine72@yahoo.com,$2a$08$EG0MceDEiIde.bGkPFESuO4TfRGQARyMPgfZjkg0sRaZJNGaumATy,user,2021-09-24 16:21:33,2021-09-24 16:21:33
93,Shannon MacGyver DDS,,mckenzie_botsford4@gmail.com,$2a$08$1/.lkiHBJ2tTXp13olD.fOMQ5xrSwvHk7Va29EMee4Zm8vOIcLWE6,user,2021-09-24 16:26:42,2021-09-24 16:26:42
94,Miriam Hyatt,,alyson_mclaughlin31@gmail.com,$2a$08$dTZxdit486P0H1eONsrV.OI6cdypZCCVRxAIJDsOkVFV6yPN3Av6y,user,2021-09-24 16:27:01,2021-09-24 16:27:01
95,Jacquelyn Hand,,anjali.dubuque83@gmail.com,$2a$08$z/RsrUpsnFWZ1xchz9bqTeAJWWRIrIOk3UH39mLvzsgCraoiujuq2,user,2021-09-24 16:27:42,2021-09-24 16:27:42
96,Ms. Amelia Olson,,maye.runolfsson92@gmail.com,$2a$08$czzFXHppoN5L3pfTrCgF1u8RdiC7YIKd/As0SYHF4Z3MAZHshGhh2,user,2021-09-24 16:27:55,2021-09-24 16:27:55
97,Eula Tremblay III,,norma5@hotmail.com,$2a$08$Pm8yEXMtaC1/2RIy7hdVi.7Ef4aT7pUT2ls0HBSusZUZSy8JUGCXq,user,2021-09-24 16:28:06,2021-09-24 16:28:06
98,Desiree Klein,,enrico_gutkowski@hotmail.com,$2a$08$hw.cLSaWzQdkfgKTBU6mg.9i1XyrmQMG2eaD.Exq.Ny0LLxvgLw0S,user,2021-09-24 16:28:41,2021-09-24 16:28:41
99,Ms. Meredith Gottlieb,,valentin.lynch55@hotmail.com,$2a$08$dWQCf.4G6HtW9ybDKbiU..BSjRzVw8CiLHBPC3q4SEG61CsDRxtnO,user,2021-09-24 16:30:19,2021-09-24 16:30:19
100,Cornelius Gislason,,sebastian.kulas23@yahoo.com,$2a$08$ebaFL8pBZNrEaIbZA7R37O/mDBKaIiJdqboJnzvbdjgpYTzWEnSzi,user,2021-09-24 16:30:37,2021-09-24 16:30:37
101,Miriam Goodwin,,mariam4@hotmail.com,$2a$08$SYcp.KlcM4tVL724XdYI.uKziF0gpDgwKM2ZEeMgsdfiU5ju0MK/y,user,2021-09-24 16:31:28,2021-09-24 16:31:28
102,Josh Bartell,,ethyl.jones@hotmail.com,$2a$08$yYYTvESJPsPPRLir16l8mOgv/Gm4m/3CpdcowXqCR.O/VKNrq.VrW,user,2021-09-24 16:33:34,2021-09-24 16:33:34
103,Marcia Senger III,,alexis25@hotmail.com,$2a$08$w/erE6NbHLiVlLr7Wm4kH.ZYC.l1lVoiN8JxbqB5hVER1bF6S.Q8W,user,2021-09-24 16:33:44,2021-09-24 16:33:44
104,Harriet Dietrich,,orrin.larson71@hotmail.com,$2a$08$SayV4A3l3sVOM0x5z3NjFuZj0/.jU7D5.xOKG8vTKn6ngj.q0ZCn.,user,2021-09-24 16:33:56,2021-09-24 16:33:56
105,Faye Runolfsdottir,,emil13@gmail.com,$2a$08$R4S4LsTBP65bkCHnuJpP0u0X.asQxJXJi1rraT5ELk.6EL7jHhIW6,user,2021-09-24 16:36:31,2021-09-24 16:36:31
106,Sylvester Olson,,cheyenne.larkin@hotmail.com,$2a$08$XyS1oSX3fUNHvb25cKfgwOAUtZSZ0MJlhBmsXh1nhLt3IZbQezmo6,user,2021-09-24 16:44:51,2021-09-24 16:44:51
107,Chelsea Kessler,,ivah.schoen7@gmail.com,$2a$08$AxJbltBfTnU2IosLt9kGv.koACMr3DJ0EgSOuMTCtbQOSXN3q0AGC,user,2021-09-24 16:48:23,2021-09-24 16:48:23
108,Jacquelyn Simonis,,zetta83@yahoo.com,$2a$08$YcFCLUiMrzjODqId078W..h3X08apiDK1OByQCE8KCwCdw8Hjva8e,user,2021-09-24 16:51:51,2021-09-24 16:51:51
109,Wendell Schaden,,kara83@hotmail.com,$2a$08$ud3iDXpr6FkmjVDIs8AzsOY2YdSJ4Mm6u8aVbsDnWxroUzUIHcC7y,user,2021-09-24 16:52:00,2021-09-24 16:52:00
110,Rafael Langosh I,,adeline_bosco@yahoo.com,$2a$08$oVt/ZivrABFc9bsg/KC02eBPsQ83KyJrel8zOU6fhDt8/kK8yIf7G,user,2021-09-24 16:52:43,2021-09-24 16:52:43
111,Rolando Gerlach,,john56@yahoo.com,$2a$08$M68QujvY4ow.mgwHC6sJWe418JQQ7b86p29v2NC7kwOzdo/mEh/im,user,2021-09-24 16:52:54,2021-09-24 16:52:54
112,"Rogelio O'Connell",,lucio.bauch51@hotmail.com,$2a$08$lBKqeX4f9EbELlWlsOhLBeaifbRmLQn60Nu/V4l8339HWxOb/jvQy,user,2021-09-24 16:53:40,2021-09-24 16:53:40
113,Ana Dickens,,alana.farrell@hotmail.com,$2a$08$mYz.S/9Q7fw8f45LSvQQZupw3SXYDricXVL4orD22xxqosDY/Q66a,user,2021-09-24 16:54:55,2021-09-24 16:54:55
114,Scott Spencer,,blanca_lebsack@hotmail.com,$2a$08$kbonQ6RvNSuSpaoQLZRen.4jS3h.LVoVsRgIt5.bBMoEisj7t6hxq,user,2021-09-24 16:57:01,2021-09-24 16:57:01
115,Esther Parker,,lauretta.lockman85@hotmail.com,$2a$08$1kpimvHe.DBt0E2r3IPVWu59VbbNQfLpODHEfsIU9.T8D1FBHRoZ.,user,2021-09-24 16:57:34,2021-09-24 16:57:34
116,Leslie Leffler,,karen73@hotmail.com,$2a$08$1RqgbR5K1ErXrlJTVZd39OS0D6ufrFnIftcHyp3x3u7Pn.JAfeykG,user,2021-09-24 16:57:43,2021-09-24 16:57:43
117,Alton Hirthe,,adela.volkman@yahoo.com,$2a$08$IsBrxZ8vMyGfZX.H.jUt7ux0.yG5dAGheiM8MgwXoFXJVx3B6Oaa2,user,2021-09-24 16:58:20,2021-09-24 16:58:20
118,Delores Simonis,,rubie_haag63@yahoo.com,$2a$08$gD29LM4OniN1isu/lm0vEearOQ841Oq0Am.hdxSyQ504SaDxbTAkW,user,2021-09-24 16:58:47,2021-09-24 16:58:47
119,Mack Fadel IV,,jordon88@hotmail.com,$2a$08$BYFq/2FTY0Z2yqM0N.hoveeQsve3HnqrG00t0KIFoVzWXtI1jexiq,user,2021-09-24 16:59:06,2021-09-24 16:59:06
120,Rachael Braun,,kenny.will68@yahoo.com,$2a$08$aOXXPtEMJ4GHtRQo.X.eb.ThVIZRGTKFD7zZ16wQ04S.IbrigUGYS,user,2021-09-24 16:59:16,2021-09-24 16:59:16
121,Barbara VonRueden,,grant27@hotmail.com,$2a$08$yhCKEax.SvA5p2yOSTXdauRDb10EuQ3KZBjc/KGMakfZBxoWYnFBO,user,2021-09-24 16:59:48,2021-09-24 16:59:48
122,Rene Crist,,ernest85@gmail.com,$2a$08$.HgX/krzb1QpCP14Kof3yu07IJwrD4Sz2SmgzJP.8ksF0M9yDGm2u,user,2021-09-24 16:59:58,2021-09-24 16:59:58
123,Angela Larkin,,chet77@gmail.com,$2a$08$PVJeCNSyjMf5Ov4GK805x.e16cHm7xTo4YuVWdgd/pTX3c5jUSb4y,user,2021-09-24 17:00:06,2021-09-24 17:00:06
124,Amber Roberts,,sabrina_adams24@hotmail.com,$2a$08$hU8gadCM6TQF6qlh7cXKGO/TtiiHa3yqf9mWv1xsu0SvX2ebonK7i,user,2021-09-24 17:00:24,2021-09-24 17:00:24
125,Samuel Langworth,,dino.ullrich@gmail.com,$2a$08$3mGwI37.pKPRNs/io5L8ieYC4opSBLS7Y9X76onRJiDZMlNkym1Gy,user,2021-09-24 17:00:36,2021-09-24 17:00:36
126,Dr. Ira Lubowitz,,leanne.pollich8@hotmail.com,$2a$08$tEndLPAe5jsw0j4pjlDnOOS9gN46/ssYFxt5vaoMQ7kIsIGaT4uPu,user,2021-09-24 17:01:15,2021-09-24 17:01:15
127,Alma Cremin,,mac.gorczany@hotmail.com,$2a$08$ZhTnhfx26H2I.W5gDVQR7unVqjktTu5nxbZe9Fw2k6SSoiOVYr4Dy,user,2021-09-24 17:01:28,2021-09-24 17:01:28
128,Marc Kuhn,,charley_cormier56@yahoo.com,$2a$08$aczhuOc44WHYwSnJXR4dje7kNu25ZAn8axSyHwaKizDJOLysEJUgK,user,2021-09-24 17:01:40,2021-09-24 17:01:40
129,Dale Little,,julie_gibson64@hotmail.com,$2a$08$1y6OXC1XWUstWLeyKJarke.5DqtwKqUneiKzIAgOheMGTqt4.i2v.,user,2021-09-24 17:02:34,2021-09-24 17:02:34
130,"Leigh D'Amore",,felton84@yahoo.com,$2a$08$zw/c1u3QHv90iPNidjf9hePN4838R3uDmtAiyd7tpCwhxf9sKpUAq,user,2021-09-24 17:02:44,2021-09-24 17:02:44
131,Mitchell Jacobs,,kay.dietrich32@yahoo.com,$2a$08$sO5Puy6mApY.loUmarsRw.HYvGnl4lgyvShBY3Zgn94owAEzocu1a,user,2021-09-24 17:03:22,2021-09-24 17:03:22
132,Andrea Dooley,,dee_roob@gmail.com,$2a$08$sXaAzToypwR6I5TZBRhGM.mJQ909yj2RWMjAdrCFhAbotOZSETEVa,user,2021-09-24 17:03:53,2021-09-24 17:03:53
133,Damon Ortiz,,brayan_rutherford83@yahoo.com,$2a$08$U1v9kNj1U2XPD3mib.XHWem7V2lTNwK5JJAA2mHG1stbhGNUO.faK,user,2021-09-24 17:04:09,2021-09-24 17:04:09
134,Tabitha Altenwerth,,alexa.roberts@gmail.com,$2a$08$0KFwQDoVXKEAdrDP6L5aNOSDJ77MWsMVWt4BEniSo.t5FgkQwL4vO,user,2021-09-24 17:05:03,2021-09-24 17:05:03
135,Amelia Heidenreich,,tavares78@gmail.com,$2a$08$7LuGkTxMWbAKCea/pLw2keeRojXQtxEMgkWA8tUA5P8bPBJoW3Mce,user,2021-09-24 17:05:49,2021-09-24 17:05:49
136,Franklin Kohler,,parker_walter@gmail.com,$2a$08$AR3pSav0ucsNtQr5tUseeuERUbpGB8KqksoQte6qmWzLogiNtPXBa,user,2021-09-24 17:06:19,2021-09-24 17:06:19
137,Stewart Corkery,,rosetta.jenkins@yahoo.com,$2a$08$sDDoYKn2hs9gP3A7p1U4rOGXauMUaA9z/I9gdmgCKif8yv0f79Vyu,user,2021-09-24 17:06:59,2021-09-24 17:06:59
138,Mr. Kari Bednar,,dana.baumbach43@gmail.com,$2a$08$bvXK9Xke1iZ/D/IqlHPWyeK0KlivkN34UNU5Klz1z3jw4ub0tKPL6,user,2021-09-24 17:07:17,2021-09-24 17:07:17
139,Agnes McCullough,,ahmad.legros8@hotmail.com,$2a$08$YVM/tkXN6Lq2F8Hom/r4Heawf3vJkIvIl/1BI70gHIeudIMG4c/Ti,user,2021-09-24 17:07:27,2021-09-24 17:07:27
140,Elvira Rolfson,,russel.graham@yahoo.com,$2a$08$C.qU2YuEYI/qtUJgjGWYHObOWEBBiMgM4ldPuu2VTNqTL52oNISiG,user,2021-09-24 17:07:35,2021-09-24 17:07:35
141,Claire Robel,,zola14@yahoo.com,$2a$08$ipifykzNIDbYKdjiSC07KeJ0QoSA4rjqcZTckFI5unSjcFVc0t0qe,user,2021-09-24 17:07:53,2021-09-24 17:07:53
142,Cristina Carter,,edwina.crist71@hotmail.com,$2a$08$MMsmHwtxRBDgo6DmcXSG3u2ZOegf411o/bo4yNRablQlRqb2Vqm0K,user,2021-09-24 17:09:08,2021-09-24 17:09:08
143,Carlton Stokes,,beryl51@yahoo.com,$2a$08$xKp/9i/Pcfsu1nR2tfB/pOEvpsrMdWz51gK6Rxy2uNkz/Sik4L5S2,user,2021-09-24 17:09:33,2021-09-24 17:09:33
144,Sheila Stroman,,emiliano43@yahoo.com,$2a$08$s3V2xSsF2YAlK6cUNJzgXuX5xRlKGpDp7gzbrEj24x2JMbB/w4caC,user,2021-09-24 17:09:47,2021-09-24 17:09:47
145,Bonnie Luettgen,,kirstin.ernser@yahoo.com,$2a$08$UsB89nGHh6YIOOFMYdxUPOSCJrdSn97NOp.nrg0Fmq18IzLGnhi8C,user,2021-09-24 17:33:38,2021-09-24 17:33:38
146,Austin Mills,,shanna_mcdermott72@gmail.com,$2a$08$WqbU8YsHziPZhlIlEvNgJeib0uDHgru88niniw/VtG.LXN9CPK2eK,user,2021-09-24 17:33:49,2021-09-24 17:33:49
147,Lula Mohr,,delmer_skiles86@gmail.com,$2a$08$L3hs00ujn9vdJc.qQvyU7O6EpMA.6KmoI8vh19CUTPA32w06n39Fe,user,2021-09-25 12:23:58,2021-09-25 12:23:58
148,Dr. Archie Hodkiewicz,,georgianna16@gmail.com,$2a$08$N86cmnNpSStSAmn50vP8QOgjJKGdDF8ebByRp.W0tnFIFCp4UKTfO,user,2021-09-25 12:35:45,2021-09-25 12:35:45
149,Rhonda Littel,,darien.bogisich63@gmail.com,$2a$08$c5LSHgt0tBIMlDrfBTGVluM21INmRn3XPX9VErfSefamyWICqNnKO,user,2021-09-28 09:58:09,2021-09-28 09:58:09
150,Anthony,,anthony5@bini.store,$2a$08$PGf9tDxfIik4kFifbEp.Gex/0sfo4RBHWSRzf03uk0n8hQJv0iZf2,admin,2021-09-28 15:28:19,2021-09-28 15:28:19
151,Tanvi Savani,,graphikdesignz11@gmail.com,$2a$08$bSskmplK4yAnCPlh7/4TYu/tBMu/6CB4O8NKJY9e9YeOvD5BRY102,admin,2021-09-28 16:53:45,2021-09-28 16:53:45
152,Sarah Razanatsoa,,sarah.raz@onja.org,$2a$08$NBUTB2n.rMeAefFmg9.WoOGEryP2EhzdSskyaYr6QUHJ2.Xylle4i,admin,2021-09-29 06:12:09,2021-09-29 06:12:09
153,Marion Torp,,oleta29@yahoo.com,$2a$08$RMsRQWypGa8.DAmC2kF48.yGCgZkyTf1GPD.ACtjVgi8b/juuOp0W,user,2021-09-29 07:26:26,2021-09-29 07:26:26
154,Jan Hane,,cornelius.pacocha35@hotmail.com,$2a$08$.Ef.lYEiHL2tKIkDnW0RUuwtkUBpaHYuAbcJlBfL5rFO.F.uiabH2,user,2021-09-30 14:09:55,2021-09-30 14:09:55
155,Marsha Rippin,,leopold15@gmail.com,$2a$08$2PVwBL2IYqQUOEp9Yu9f3u4Zyrd7N54sWWgqsPuqQfXEu9ZaXRbUW,user,2021-09-30 22:55:52,2021-09-30 22:55:52
156,Diana Chaika,,4ajkadiana@gmail.com,$2a$08$dUugz.7IbrWkP1lzR2XPKeCO/KQeQ9TpNMDhanzOn6xE/TRO/gbj6,admin,2021-10-04 16:37:40,2021-10-04 16:37:40
157,Mrs. Frances Rau,,rosemarie97@gmail.com,$2a$08$4maHEQypJ34brpVfdpcUqOe4WpUcemd7l0bliHU/UYPOA6KMsbLxi,user,2021-10-07 10:23:00,2021-10-07 10:23:00
158,Guillermo Haley,,audreanne_rath70@yahoo.com,$2a$08$SuF4KVC2VNTXpMe7v8u5V.n271bcRLmc.eTwrSvnb64mlFb0HgD5.,user,2021-10-07 11:36:30,2021-10-07 11:36:30
159,Alexander,,alexlp@mgvs.org,$2a$08$BXKqY75hLxH4MHj/mAFQ7./hZAEKsxITViaPXL37CRyf9Fg8Pg6ra,admin,2021-10-11 08:19:28,2021-10-11 08:19:28
160,Frederick Miller,,camilla.mcglynn91@yahoo.com,$2a$08$Soh5qt7ko/qO/EyQOyyJwuRGqylSmAnFFzX3Dgbi0b9sfMFiASrZS,user,2021-10-13 14:18:24,2021-10-13 14:18:24
161,Christoph,,christoph@bini.store,$2a$08$S/UVZN/0PD6rhaLrToxnHeaHzQcT/F7oIMvDZ1puZXeKoLw4Bww4C,admin,2021-10-13 15:13:41,2021-10-13 15:13:41
162,Spencer Heller,,estrella_baumbach85@yahoo.com,$2a$08$VqJLSlhFgrvIPgm0iX.wK.KRwEgTvgYnb2E34el54OblIg9w/P3Du,user,2021-10-13 16:30:29,2021-10-13 16:30:29
163,Milton Swift,,natasha_mcclure@yahoo.com,$2a$08$m9kVCcqkbAtXcZ6OHTHFXeKZzzNxj8hSa/HZ6ADveLZXID3yaZ.MS,user,2021-10-13 16:30:45,2021-10-13 16:30:45
164,Herman Bernier,,audrey.mcclure43@gmail.com,$2a$08$rxMNMmMoJCw/MqBJ8hpruOJhhuoKLi9tMFQnEmpXAqkNpHjVDkBqe,user,2021-10-13 16:32:26,2021-10-13 16:32:26
165,Luke Collier,,alanna.lemke@gmail.com,$2a$08$AeyxTmvUa/G2VyxmSQBrROraI48uKwFF2.tgtHl7Ue2.lpAnpap3q,user,2021-10-13 16:32:38,2021-10-13 16:32:38
166,Kristi Grady,,tressa_fahey80@gmail.com,$2a$08$5LWYK9r1AV934tNXzpmwbeLkgtGD9OKiVy3J8UXpFJaW/IbGsHoSq,user,2021-10-13 16:32:46,2021-10-13 16:32:46
167,Guillermo Ebert,,marcella_schmeler47@hotmail.com,$2a$08$CDoJfa175WgJ.vG/ZxRITumnJE9CV..Ozxa8PBz8KU2sCJxxAvLpK,user,2021-10-13 16:32:59,2021-10-13 16:32:59
168,Miss Lorraine Littel,,perry_mosciski@gmail.com,$2a$08$033bzxcqWxTCv9z61h4gWuXtABjdqh/eaceM99dsfyiRqDJ1eSo7C,user,2021-10-13 16:36:08,2021-10-13 16:36:08
169,Shane Breitenberg I,,clemens_goldner25@hotmail.com,$2a$08$wB/9GOwNstcMO/ZDIghISelfieGR3RTVzXE5z/P8rljbK1nR/JUEe,user,2021-10-13 16:36:20,2021-10-13 16:36:20
170,Rosemary Braun,,cameron63@gmail.com,$2a$08$uHRdB/GYOLQs9Q7nskOL..IBoXAnNwJOqmNIwlcBEY8KNRhFX6AKy,user,2021-10-14 04:39:52,2021-10-14 04:39:52
171,Sherri Bauch,,hal49@hotmail.com,$2a$08$O0w9tgLWHkILxFBpDW/f2upLIddp0zHOs5MwVuDe8D0hs2sedxqIu,user,2021-10-14 09:39:37,2021-10-14 09:39:37
172,Alexander Toy Jr.,,kian_stanton@yahoo.com,$2a$08$n4cWshnvssWFJiDi3FXsAumldcGy4nHJg0TJgLta9onvvfA25gc9e,user,2021-10-14 09:39:46,2021-10-14 09:39:46
173,Ms. Andrea Sporer,,mack.rolfson69@hotmail.com,$2a$08$tCs6QUT8bIaOfAHPTuCTnuJpZFqqDrd4sep0oPNYZSjG.cCCyWPAy,user,2021-10-14 09:40:41,2021-10-14 09:40:41
174,Ms. Andrew Walsh,,zachery.rolfson9@gmail.com,$2a$08$2w8tW/Tu5.T10wm5mnCsBu2Zjl7dxrcAoD4TJHIlZ7NlW14CGGwIm,user,2021-10-14 09:40:51,2021-10-14 09:40:51
175,Wallace Trantow DVM,,ulises_dooley80@yahoo.com,$2a$08$spEzGTrtDcOX2AQLxTFeKO8xTAYcIe2KVnBrXbgJOQCGigVoel5i2,user,2021-10-14 09:41:15,2021-10-14 09:41:15
176,Martin Heathcote,,rebecca54@hotmail.com,$2a$08$asJODqF.Y.ed6Oa2Iq63lOt2v3YSguhl//npF0Pes2z2KKq3CF37C,user,2021-10-14 09:42:40,2021-10-14 09:42:40
177,Darryl Beahan,,lucie20@yahoo.com,$2a$08$vWgneET4EVb29qo/y/IAcexrX6ni9OLFHr7/CgLJyFLElxLLzwY1y,user,2021-10-14 09:42:52,2021-10-14 09:42:52
178,Jordan Daugherty,,ceasar9@hotmail.com,$2a$08$qjfZB5TDxMi0.gVj9KMm1OvnWEvmZjXH2As2.l8Pmknfwf08Kge0u,user,2021-10-14 09:43:33,2021-10-14 09:43:33
179,Tomas Harber,,zion.schaefer@hotmail.com,$2a$08$CV3S0osIEe8j.29DMOIc6.fmJxPhsWf02hZuLQYAE3A6CEV2UAqMa,user,2021-10-14 09:44:07,2021-10-14 09:44:07
180,Miss Clarence Klein,,dayna.homenick@hotmail.com,$2a$08$FT8EJBhccV9cZDlzf/Is4ea/yr2pCgzFxTyflqt0/FmfUHrOSZcZK,user,2021-10-14 09:44:16,2021-10-14 09:44:16
181,Kenny Langosh,,nya64@hotmail.com,$2a$08$nx/mP0hrjQtg7QER.joLlOa1IgQbV07hJ.TKtYPvdHQYyl4i9ZxSq,user,2021-10-14 09:44:25,2021-10-14 09:44:25
182,Miss Geneva Howe,,maurice_bernhard@hotmail.com,$2a$08$wXUY07Apc/Vc/yVAyCvCVuf4SYf9xWYekBEexLfDMpdu1AEN9NYMO,user,2021-10-14 09:44:39,2021-10-14 09:44:39
183,Kerry Johns,,marjorie50@hotmail.com,$2a$08$LS9TisvBdJlJzHCWCD3FDefnv8fZ2vW79Q3H82PetTIGIYxdiJID2,user,2021-10-14 09:44:48,2021-10-14 09:44:48
184,Stella Ritchie,,josiane.goyette92@yahoo.com,$2a$08$hVqi5wjfmlXZbTsQ4BEbXudQ1XbrVYMiUrEqmIZi/Cmls0y19w646,user,2021-10-14 09:54:31,2021-10-14 09:54:31
185,Clara Maggio,,kaelyn84@hotmail.com,$2a$08$tLCewpjgK8OMGb/EGHUblOqFzT.0r76yHl4t88y5qiFFp7u4mzhoC,user,2021-10-14 09:54:53,2021-10-14 09:54:53
186,Carol Hauck,,sammie9@yahoo.com,$2a$08$cyh1aAFZ6aXBQRp.o7dMhePtijMY35WyH6YtTkj4FRQKkCtqTlqwW,user,2021-10-14 09:55:04,2021-10-14 09:55:04
187,Ramon Larson,,anderson.murazik22@gmail.com,$2a$08$rLcWOTp9TdvUd2..eRk9G.t33D.UoJr1d3nTljUZb1I.QsaUpMxy2,user,2021-10-14 09:55:14,2021-10-14 09:55:14
188,Ruth Metz,,orie.bayer62@yahoo.com,$2a$08$RR7Wg5YAXgoOmfcClf/r/eZE0a3nNaUdgoX49bggYPM8tKlK.R.UO,user,2021-10-14 09:55:24,2021-10-14 09:55:24
189,Mrs. Tanya Bernhard,,danial_wilderman@hotmail.com,$2a$08$IdCylLHySetaMpScyMW0G.iIONCffDLUvBcZKvWL2DgK02ItNAJCG,user,2021-10-14 09:57:46,2021-10-14 09:57:46
190,Jim Goodwin Sr.,,jayde96@yahoo.com,$2a$08$4CTXgd9tLBeYOBlCWpllY.Gel9QmOLyDZ638SuzzGIOFEEvj.BQhK,user,2021-10-14 09:57:54,2021-10-14 09:57:54
191,Dr. Lorraine Schuster,,grover.parker@yahoo.com,$2a$08$yIFOM428jVfbzqGsHs7OyeLf0zmobSNjB1pYywhlTeNF60VCXQ2o6,user,2021-10-14 09:58:10,2021-10-14 09:58:10
192,Brett Muller,,toney99@yahoo.com,$2a$08$IoYsa/YDGL5RUExRhCvwE.XDCO/s3/YObAaQSa0n1kRVF18kAFRle,user,2021-10-14 10:04:16,2021-10-14 10:04:16
193,Harriet Hoppe,,ova.nader@hotmail.com,$2a$08$fg2snglLh4mS89X4k.agGeiPjW1wTs3cujpt1KqvWSjawYxE5r7BW,user,2021-10-14 10:04:30,2021-10-14 10:04:30
194,Dr. Beatrice Jones,,reba.hirthe@yahoo.com,$2a$08$DlTumMYqJpII/0hG1wPtI.0TnqTBXuzeL5gImaItYzBkqMQJnLCgq,user,2021-10-14 10:04:40,2021-10-14 10:04:40
195,Terrence Becker,,melvina17@hotmail.com,$2a$08$.fAydhJGULrR/KFU//uSi.APFiPcIaHHXE/z76oZZTNM7msxrqSAi,user,2021-10-14 10:05:09,2021-10-14 10:05:09
196,Harvey Sawayn,,aylin_osinski17@gmail.com,$2a$08$DwYst5L3Wj2fNX1w0W3aauuTzEEyPuy1qvD2ZZRPfctVvQIfRJZ62,user,2021-10-14 10:05:24,2021-10-14 10:05:24
197,Mike Hodkiewicz,,conner.bogisich@yahoo.com,$2a$08$RBlq8Sg2DMu0Vvc5ajPAhuCMbm5xjK9kRivrinNAzXW22B/zOXmgK,user,2021-10-14 10:05:34,2021-10-14 10:05:34
198,Timothy Jaskolski Sr.,,nathan57@gmail.com,$2a$08$iAPzrRbyqIYD3yAmfDt4Au6iZMYYnBzNZgLGU4yYT7.5XXgqfJC5C,user,2021-10-14 10:05:45,2021-10-14 10:05:45
199,Isabel Langworth,,jovan94@gmail.com,$2a$08$jasd2Qv6SUteW6tPA24uFuN3SH45sT6l2aN4.33hsiF1TQbhPOfeO,user,2021-10-14 10:06:02,2021-10-14 10:06:02
200,Sarah Hayes,,casper.harris62@yahoo.com,$2a$08$yiSvXIFZjXmkc3x.usr4yumTFI/kKiXwPDJnoI84nc5N86CJnYB7O,user,2021-10-14 10:06:17,2021-10-14 10:06:17
201,Thomas Bins,,nora_schaefer@yahoo.com,$2a$08$pm.A9hwekmfFe5fGBBXCgO.Mx480HP5SMp3bFkFwZvZ0vSMpJOUFu,user,2021-10-14 10:06:35,2021-10-14 10:06:35
202,Thomas Klein V,,garry_bogisich@gmail.com,$2a$08$qmU04zpFUh25IYyedpKMuO/h8/P7adZWGrrsCy0wNN.D02EhdO416,user,2021-10-14 10:07:12,2021-10-14 10:07:12
203,Leah Weimann,,dana62@yahoo.com,$2a$08$3wA1rGZSjccKbVLMLy.o/eTX2k9fDhbCMK8bWkm0aWh2GKXKFRDrS,user,2021-10-14 10:08:16,2021-10-14 10:08:16
204,Andrew Glover IV,,nicholas.harris@yahoo.com,$2a$08$zGjHhBio8KjMxOfTuvrLeegpcfT6LXU77lwsoYaONoJNXfhY.8kQS,user,2021-10-14 10:08:26,2021-10-14 10:08:26
205,Paula Bogisich,,katherine.mclaughlin@hotmail.com,$2a$08$FIWT93K08w0sHYPtyX1KLuixbxW3Lh2wCshWg1Fj9AQClZiIfBh1W,user,2021-10-14 10:09:17,2021-10-14 10:09:17
206,Harry Wintheiser,,maverick.hessel@hotmail.com,$2a$08$.Xh2tCg7ST.lwsubiLko3.Bt0Wz2Gw2sxQyolfw5mTCNti6nYMzNG,user,2021-10-14 10:09:55,2021-10-14 10:09:55
207,Mrs. Megan Fahey,,ted.dach54@hotmail.com,$2a$08$vs7d5o9JGQbhjHnIVDBZLOWpEwJZ5m4.KkNkrHPVOHGZVc/UgBlm2,user,2021-10-14 10:10:15,2021-10-14 10:10:15
208,Tiffany Bernhard,,kianna22@gmail.com,$2a$08$YNUSEAEQTNs1I0Q61TotueNdcRrrN9cKF38toQJzFDR4MkxT2mIsG,user,2021-10-14 10:10:24,2021-10-14 10:10:24
209,Rosie Reichel,,maximo95@gmail.com,$2a$08$GW9T9nKrJWS2hxNNERvCberzLQA4HF.xVwTGGeIeJnZnqt/l6nvVa,user,2021-10-14 10:10:34,2021-10-14 10:10:34
210,Maxine Jenkins,,jose37@hotmail.com,$2a$08$b1RG3UA7vbJeh2CSivEmwuxyNBYnk6PQj8Odv3px47ec/GX6jPItC,user,2021-10-14 10:10:47,2021-10-14 10:10:47
211,Bonnie Sipes II,,beth_brekke10@yahoo.com,$2a$08$/2taMBRWwvn9FRlLCoDiVOclePPpaSD1QWn6i0/YibH27SxZVMJje,user,2021-10-14 10:26:03,2021-10-14 10:26:03
212,Genevieve Sauer,,retha_hackett@yahoo.com,$2a$08$o177MaOFRY59W7U3pMq33O/7TJlDTPDsaCOhRXhLnkiVh1SZU3jwi,user,2021-10-14 10:26:16,2021-10-14 10:26:16
213,Rufus Swift,,malachi74@yahoo.com,$2a$08$OzmVWTO58V3.NZqTRq9BsuU9DFbsKt.Jd1SYlwmEhu.HkyR5hOI4.,user,2021-10-14 10:26:24,2021-10-14 10:26:24
214,"Lana D'Amore",,heber_reilly74@hotmail.com,$2a$08$CuFoSKxz3.tsWAUCEyxEOOYyDavAL0b89.qpx.QhO2jEsFAjCKv2i,user,2021-10-14 10:26:31,2021-10-14 10:26:31
215,Cesar Steuber,,karlee_hammes60@gmail.com,$2a$08$DRot1pD3aGN.KlfnNoGtYOMElS.p8yyvwLkqCfPbeMq5dVdQ/h6/S,user,2021-10-14 10:26:40,2021-10-14 10:26:40
216,William Runte,,cecile_kohler49@gmail.com,$2a$08$DgHhThoZjxxtfxoEDt3Zi.BmGCxwy5zjLyx96dk6/GX6/2J/XkR/u,user,2021-10-14 10:28:48,2021-10-14 10:28:48
217,Miss Iris Russel,,retha.kemmer54@yahoo.com,$2a$08$6kdpb4uIZyhQnsZ2tXdNYeoyTfUZ9SCHaaiVOeNoYtItRUQpn3j.y,user,2021-10-14 10:28:55,2021-10-14 10:28:55
218,Wilma Hansen,,miguel.romaguera@hotmail.com,$2a$08$m1ZAgxRkOJDtLtleQAWmgOE0Bggps4Q41o.4hqHjrUkb5fn9pwqCi,user,2021-10-14 10:29:08,2021-10-14 10:29:08
219,Pauline Jenkins,,steve1@gmail.com,$2a$08$cK2HeaIXPBFCkE9coNyfUuja1iEn2TQsS3IGLqXfiJu.xiBgHEcb.,user,2021-10-14 10:39:20,2021-10-14 10:39:20
220,Pete Zulauf Sr.,,jayden_larson@gmail.com,$2a$08$l6CVhTm25.RSKJlbHwb9geX0JTATrDx6Ug2WdRpLgz9w7nC6KxkCO,user,2021-10-14 10:39:33,2021-10-14 10:39:33
221,Michael Beahan,,luis43@yahoo.com,$2a$08$tmK/e8dQC5LsqigngGvtH.aQNfTofcuEnkGeOKplODM4UDZT.o4Mi,user,2021-10-14 10:39:46,2021-10-14 10:39:46
222,Mr. Mindy Kemmer,,graciela_macejkovic23@hotmail.com,$2a$08$/P8RbyfcmthvFHYwLx552eq0sJN8Tn7vKtr5G501mA9a3shSYbbiG,user,2021-10-14 10:39:55,2021-10-14 10:39:55
223,Jacqueline Howe,,candice77@hotmail.com,$2a$08$i1.bBO5dUg4HOmxiEltgPubG4NtEUM/5ZXQbpQnNE61fT8rDxjA8O,user,2021-10-14 10:40:12,2021-10-14 10:40:12
224,Kim Beahan,,lindsey_hilpert@yahoo.com,$2a$08$nvYMnelmhcuVc2GUkIrwAu6prU8AYXQ9OjU8BvExWetZWjV4Eh9Xi,user,2021-10-14 10:40:31,2021-10-14 10:40:31
225,Donna Orn,,jon33@gmail.com,$2a$08$YUj8Fti/GiOy3WIae02THeh95Lweue6hycGXIq7/guY5GavNfugNu,user,2021-10-14 10:40:48,2021-10-14 10:40:48
226,Blake Hoppe,,kaylee_braun@hotmail.com,$2a$08$YiI.xpqlMnBjz34zJlTgpOu87BRXGKv2EfUHn.9Am6Cb4xzxxLj8G,user,2021-10-14 10:40:59,2021-10-14 10:40:59
227,Danielle Kozey,,pat.ziemann16@yahoo.com,$2a$08$OEKnVqb4KY/2mDvUZxU0qOP0iXkNjGGyUY5S3vCl7fQ7h0Bm.qZvu,user,2021-10-14 10:41:09,2021-10-14 10:41:09
228,Wilbur Wintheiser,,clement_barrows0@hotmail.com,$2a$08$uwS60v4UX4Yeh8X.CnQ/MuPxMvftGOl7yaHTlVUt4Ob0QpUSJyvW.,user,2021-10-14 10:41:16,2021-10-14 10:41:16
229,Lionel Reilly III,,beaulah70@hotmail.com,$2a$08$2SPuW31Xk2VpQTglA89Wc.CVTQXYd7opG.69CKp9s7xArY/Gtrt5e,user,2021-10-14 10:41:37,2021-10-14 10:41:37
230,Donna Bosco Sr.,,paula.schulist@gmail.com,$2a$08$OoEZb8bY1icjIqEQ89q2hO.ESdbs0r.YegZ8gHqNtH7UW/gmtlJze,user,2021-10-14 10:43:02,2021-10-14 10:43:02
231,Pablo Moore,,corine_will33@yahoo.com,$2a$08$xO6JBvXxrBZ1J/V5jq891.OqyMH4djfC2rDk9MTmcLcG7h2O06viK,user,2021-10-14 10:43:18,2021-10-14 10:43:18
232,Phyllis Shields,,haylee_wiza57@gmail.com,$2a$08$HENaWOpKxDsoSAXJWplA6.SNrFStZCXnzzax28idUDpkq/ZWU1fvq,user,2021-10-14 10:43:38,2021-10-14 10:43:38
233,Ms. Christina Pacocha,,aleen.ritchie18@hotmail.com,$2a$08$7ev3yolX9ruSZj1QRZCbW.wU4HQuSdNMZYbIfbpfQ8iE.O16eoveu,user,2021-10-14 10:43:48,2021-10-14 10:43:48
234,1234,,123@gmail.com,$2a$08$cQ094lJe2CgDBNja91n7XOUKzYAgz8PAgocUp8Z2tJeLYaYB2bfQy,admin,2021-10-14 11:25:06,2021-10-14 11:25:06